"title","totalScore","reviewsCount","street","city","state","countryCode","website","phone","categories/0","categories/1","categories/2","categories/3","categories/4","categories/5","categories/6","categories/7","categories/8","categories/9","url","categoryName"
"IT Info Systems","4.9","254","Shop No : 8,9, Six Corner, 7th Street","Coimbatore","Tamil Nadu","IN",,"+91 98943 65108","Computer wholesaler",,,,,,,,,,"https://www.google.com/maps/search/?api=1&query=IT%20Info%20Systems&query_place_id=ChIJN5pv9fhYqDsR5VBQoEz3-No","Computer wholesaler"
"SMART IT",,,"61 FIRST FLOOR, 7th Street","Gandhipuram, Coimbatore","Tamil Nadu","IN",,"+91 99408 54024","Computer wholesaler",,,,,,,,,,"https://www.google.com/maps/search/?api=1&query=SMART%20IT&query_place_id=ChIJKVpSKRhZqDsR3sXqM-dtt4M","Computer wholesaler"
"IT Konnect","4.9","561","74, 100 Feet Rd","Gandhipuram, Coimbatore","Tamil Nadu","IN","https://itkonnect.in/","+91 74185 60077","Computer service","Computer repair service","Data recovery service",,,,,,,,"https://www.google.com/maps/search/?api=1&query=IT%20Konnect&query_place_id=ChIJ71vHTWtZqDsRiv6M1I5RZ8w","Computer service"
"Believe IT","4.8","512","Believe IT, Sri Krishna Complex, 11A, 10th St, near AXIS Bank","Gandhipuram, Coimbatore","Tamil Nadu","IN","http://www.believeit.co.in/","+91 98422 04647","Computer store",,,,,,,,,,"https://www.google.com/maps/search/?api=1&query=Believe%20IT&query_place_id=ChIJP3PrP8hZqDsRnixq52vLSoc","Computer store"
"IT World -HP Showroom in 100 Feet 2","4.6","658","4th St","Gandhipuram, Coimbatore","Tamil Nadu","IN","https://myitworld.com/","+91 96007 49977","Computer store",,,,,,,,,,"https://www.google.com/maps/search/?api=1&query=IT%20World%20-HP%20Showroom%20in%20100%20Feet%202&query_place_id=ChIJo7iThVZYqDsR5A-e9LTVlsc","Computer store"
"Infinit IT Solutions","4.8","13","2nd Floor, 96//1, 96/2, Chinnasamy Naidu Rd","New Siddhapudur, Coimbatore","Tamil Nadu","IN","https://infinititsolution.com/","+91 98945 87387","Computer wholesaler",,,,,,,,,,"https://www.google.com/maps/search/?api=1&query=Infinit%20IT%20Solutions&query_place_id=ChIJOSL5w0RZqDsRBH9HVMdgczo","Computer wholesaler"
"IT Konnect - Laptop Service Center","4.9","1038","369, Dr Rajendra Prasad Rd, next to PSR Silks, opp. Bethal Hospital","Coimbatore","Tamil Nadu","IN","http://www.itkonnect.in/","+91 98947 59600","Computer repair service","Computer service","Data recovery service",,,,,,,,"https://www.google.com/maps/search/?api=1&query=IT%20Konnect%20-%20Laptop%20Service%20Center&query_place_id=ChIJmSwYrfhYqDsRk-6ERd5eEtE","Computer repair service"
"Shri Vetrivel IT Care","4.9","131","Six Corner, 103/2, Dr Radhakrishna St","Coimbatore","Tamil Nadu","IN",,"+91 99426 61718","Computer service",,,,,,,,,,"https://www.google.com/maps/search/?api=1&query=Shri%20Vetrivel%20IT%20Care&query_place_id=ChIJWVVVlfhYqDsRn3t7grcaHhs","Computer service"
"IT Konnect - Laptop Service Center","5","654","133, Second Floor, Kattor Road, PN Palayam Rd, above Maheswari Cars","Coimbatore","Tamil Nadu","IN","https://www.itkonnect.in/","+91 74182 30077","Computer repair service",,,,,,,,,,"https://www.google.com/maps/search/?api=1&query=IT%20Konnect%20-%20Laptop%20Service%20Center&query_place_id=ChIJvxxGvVZZqDsRv5yi5tXtaEE","Computer repair service"
"HUGE IT SOLUTIONS","5","65","416/1, veejay capella complex, 3, Cross Cut Road, Vivekananda Rd","Gandhipuram, Coimbatore","Tamil Nadu","IN","http://www.hugeitsolutions.com/","+91 90920 90077","Software company",,,,,,,,,,"https://www.google.com/maps/search/?api=1&query=HUGE%20IT%20SOLUTIONS&query_place_id=ChIJ47hG5YpZqDsR_bXe7bGMIek","Software company"
"BLUE IT SOLUTION","4.9","146","Sri, 21C, 3rd floor, Medical Scribe Center, 10th St","Gandhipuram, Coimbatore","Tamil Nadu","IN","http://blueitsolution.com/","+91 90423 83434","Medical transcription service","Accounting school","BPO company","Design agency","English language school","Marketing agency","Software company","Software training institute","Training center","Unemployment office","https://www.google.com/maps/search/?api=1&query=BLUE%20IT%20SOLUTION&query_place_id=ChIJY5JC8VVYqDsRvTJavk8jYHM","Medical transcription service"
"Xplore IT Corp","4.7","1002","2nd Floor, Rani Complex, No:18, SRT, Kalingarayan St","Coimbatore","Tamil Nadu","IN","http://www.xploreitcorp.com/","+91 90470 20807","Software training institute","Education center","Educational institution","Training center",,,,,,,"https://www.google.com/maps/search/?api=1&query=Xplore%20IT%20Corp&query_place_id=ChIJU8upy6pZqDsRwBCSPOn8RkY","Software training institute"
"TricKey Smart IT Solution","4.8","4","2nd Floor","Gandhipuram, Coimbatore","Tamil Nadu","IN","https://trickeysmart.com/","+91 95975 77756","Business networking company",,,,,,,,,,"https://www.google.com/maps/search/?api=1&query=TricKey%20Smart%20IT%20Solution&query_place_id=ChIJkXMumKXxFoYRkWfI-1J_jSA","Business networking company"
"SriG it solutions","5","90","No:170, Dr Rajendra Prasad Rd","Gandhipuram, Coimbatore","Tamil Nadu","IN","https://srigitsolutions.com/","+91 93845 54941","Computer service","Computer hardware manufacturer","Computer networking service","Computer software store","Computer support and services","Data recovery service","Electronics wholesaler","Printer ink refill store","Printer repair service","Security system installation service","https://www.google.com/maps/search/?api=1&query=SriG%20it%20solutions&query_place_id=ChIJTeqIfAD3qDsRWOLMkGvBrcM","Computer service"
"Code Infinite IT Training Institute","4.9","75","Door No 165, Code Infinite, 5th St, next to LALA Lodge","Gandhipuram, Coimbatore","Tamil Nadu","IN","https://codeinfinite.in/","+91 99764 99765","Software training institute",,,,,,,,,,"https://www.google.com/maps/search/?api=1&query=Code%20Infinite%20IT%20Training%20Institute&query_place_id=ChIJURUY08BZqDsRQdivdZxj7bA","Software training institute"
"KRRISH IT PARK","5","1","Back Side Kamala Store, 305, 3rd St Ext","Gandhipuram, Coimbatore","Tamil Nadu","IN",,"+91 97868 00031","Computer wholesaler",,,,,,,,,,"https://www.google.com/maps/search/?api=1&query=KRRISH%20IT%20PARK&query_place_id=ChIJ9_RyUx5ZqDsRunS1tBYGVTQ","Computer wholesaler"
"Digitize IT Hub","4.9","60","No.7 2nd Floor, Madani Complex, Dr Rajendra Prasad Rd","Gandhipuram, Coimbatore","Tamil Nadu","IN","http://digitizeithub.com/","+91 83005 76797","Advertising agency","Digital printing service","Graphic designer","Marketing consultant",,,,,,,"https://www.google.com/maps/search/?api=1&query=Digitize%20IT%20Hub&query_place_id=ChIJK7WtCT5ZqDsR19QobvXcxWU","Advertising agency"
"IT Konnect- Laptop Service Center","5","502","15, Sarojini St","Coimbatore","Tamil Nadu","IN","http://www.itkonnect.in/","+91 95975 61777","Computer service","Computer repair service","Data recovery service",,,,,,,,"https://www.google.com/maps/search/?api=1&query=IT%20Konnect-%20Laptop%20Service%20Center&query_place_id=ChIJe6StZgBZqDsRTNRwbPcWMCo","Computer service"
"Seyon IT World","4.9","7","G.P. Complex building, 635-N, Sathy road, 12","Coimbatore","Tamil Nadu","IN","http://www.seyonitworld.com/","+91 93637 12342","Computer store",,,,,,,,,,"https://www.google.com/maps/search/?api=1&query=Seyon%20IT%20World&query_place_id=ChIJw4rhrYpZqDsRu2lxyKqtpKU","Computer store"
"Elevate Academy IT Training institute","4.9","155","1st floor, 61, VKK Menon Rd, above Central Bank of India","New Siddhapudur, Coimbatore","Tamil Nadu","IN","https://www.elevateacademy.org.in/","+91 99523 61907","Software training institute",,,,,,,,,,"https://www.google.com/maps/search/?api=1&query=Elevate%20Academy%20IT%20Training%20institute&query_place_id=ChIJoZ1bhc1ZqDsRIHxX8xQoGac","Software training institute"
"Agni Electronics","4.2","167","23, Valluvar St","Coimbatore","Tamil Nadu","IN","https://www.agnielectronics.co.in/","+91 74020 53377","Computer accessories store","Computer consultant","Computer networking service","Computer security service","Computer store","Computer support and services","Computer wholesaler","Security system supplier",,,"https://www.google.com/maps/search/?api=1&query=Agni%20Electronics&query_place_id=ChIJoQgE-_lYqDsRt-G_vFtrHEM","Computer accessories store"
"Grace IT Park","3.9","99","Shop No: 84-C, Jeevan Complex, Dr Rajendra Prasad Rd, Opposite To Kalyan Jewellers - Gandhipuram, Coimbatore","Gandhipuram, Coimbatore","Tamil Nadu","IN","http://thecircuitpoint.com/","+91 422 437 2837","Used computer store",,,,,,,,,,"https://www.google.com/maps/search/?api=1&query=Grace%20IT%20Park&query_place_id=ChIJv1lnfVZYqDsRTX2-mxhwS2k","Used computer store"
"Authorised Samsung Service Center - IT World","4.7","408","368, 100 Feet Road, Dr Rajendra Prasad Rd, near Suji Bakery","Coimbatore","Tamil Nadu","IN","https://servicecenter.samsungdigitalservicecenter.com/authorised-samsung-service-center-it-world-mobile-phone-repair-shop-tatabad-coimbatore-237425/Home","+91 89254 60777","Mobile phone repair shop","Cell phone accessory store","Phone repair service","Repair service",,,,,,,"https://www.google.com/maps/search/?api=1&query=Authorised%20Samsung%20Service%20Center%20-%20IT%20World&query_place_id=ChIJ1e5mJX1ZqDsR8VTUhQgAGwM","Mobile phone repair shop"
"M8 IT Solutions Pvt Ltd","4.5","141","Sakthi Estate, 1st floor No.9& 10/1 Mahatma Gandhi Road, 2, Avarampalayam","Coimbatore","Tamil Nadu","IN","https://www.m8itsolutions.com/","+91 93446 60083","Software company","Animation studio","E commerce agency","E-commerce service","Education","Graphic designer","Internet marketing service","Web hosting company",,,"https://www.google.com/maps/search/?api=1&query=M8%20IT%20Solutions%20Pvt%20Ltd&query_place_id=ChIJ8WqeSVZYqDsRDP3P_2pgueM","Software company"
"Samsung Experience Store - IT World - Gandhipuram","4.9","2235","Door No 368, Dr Rajendra Prasad Rd, opposite Bethel Hospital","Gandhipuram, Coimbatore","Tamil Nadu","IN","https://www.samsungexclusivestores.in/samsung-experience-store-it-world-gandhipuram-mobile-phone-shop-gandhipuram-coimbatore-167659/Home?utm_source=locator&utm_medium=googleplaces","+91 89258 96777","Cell phone store","Cell phone accessory store","Electronics store","Mobile phone repair shop","Phone repair service",,,,,,"https://www.google.com/maps/search/?api=1&query=Samsung%20Experience%20Store%20-%20IT%20World%20-%20Gandhipuram&query_place_id=ChIJcUMiV8hZqDsR6s6BxGmNcvw","Cell phone store"
"DIX IT STORE","1","1","547, Dr Rajendra Prasad Rd, opposite to RISHABA POLY PACKS","Coimbatore","Tamil Nadu","IN",,,"Computer store",,,,,,,,,,"https://www.google.com/maps/search/?api=1&query=DIX%20IT%20STORE&query_place_id=ChIJsVBwPp5ZqDsR5nuBnJXZRjg","Computer store"
"Indra Institute of Education","4.7","1995","65/1, Tatabad, 7th Street, Dr Rajendra Prasad Rd, near BEA","Coimbatore","Tamil Nadu","IN","https://www.indrainstitute.com/","+91 91597 79111","Software training institute","Educational institution","Educational testing service","Training center",,,,,,,"https://www.google.com/maps/search/?api=1&query=Indra%20Institute%20of%20Education&query_place_id=ChIJ694qtvhYqDsRKBeI3yFTNdY","Software training institute"
"VVS IT WORLD",,,"No. 14, 15, 8th St","Coimbatore","Tamil Nadu","IN",,"+91 96777 33354","Computer wholesaler",,,,,,,,,,"https://www.google.com/maps/search/?api=1&query=VVS%20IT%20WORLD&query_place_id=ChIJ2ZfCuJNZqDsRUXpsdRSxXrw","Computer wholesaler"
"Krishna it solution","4","3","2XC8+J8P","Gandhipuram, Coimbatore","Tamil Nadu","IN",,,"Computer accessories store",,,,,,,,,,"https://www.google.com/maps/search/?api=1&query=Krishna%20it%20solution&query_place_id=ChIJoY5sKQBZqDsRK_UjTI-jxoA","Computer accessories store"
"GGK IT SOLUTION","5","2","101/4, 5th St Ext","Gandhipuram, Coimbatore","Tamil Nadu","IN",,"+91 98949 33293","Software company",,,,,,,,,,"https://www.google.com/maps/search/?api=1&query=GGK%20IT%20SOLUTION&query_place_id=ChIJRcH-9VZYqDsRnfMDpD0wZts","Software company"
"Remote Teams IT Solutions Pvt.Ltd",,,"823","Coimbatore","Tamil Nadu","IN","http://www.remote-teams.in/",,"Corporate office",,,,,,,,,,"https://www.google.com/maps/search/?api=1&query=Remote%20Teams%20IT%20Solutions%20Pvt.Ltd&query_place_id=ChIJu35tYwBZqDsR2loE_NhprkI","Corporate office"
"TRIM IT Unisex Hair Salon","4.5","4","Shop No: 81/C, MG Rd","Coimbatore","Tamil Nadu","IN",,,"Hairdresser",,,,,,,,,,"https://www.google.com/maps/search/?api=1&query=TRIM%20IT%20Unisex%20Hair%20Salon&query_place_id=ChIJORPavKhZqDsR_W0ZVtw_-Kg","Hairdresser"
"CCTI Technical Training Institute Coimbatore","4.9","971","305, 5th St Ext","Coimbatore","Tamil Nadu","IN","http://www.ccti.in/","+91 89739 17440","Training center",,,,,,,,,,"https://www.google.com/maps/search/?api=1&query=CCTI%20Technical%20Training%20Institute%20Coimbatore&query_place_id=ChIJBau8aFVYqDsRiYY8GldtqoM","Training center"
"Win It World",,,"NO 2, VINAYAGAR STREET","Coimbatore","Tamil Nadu","IN",,"+91 76038 38457","Cell phone accessory store","Computer wholesaler",,,,,,,,,"https://www.google.com/maps/search/?api=1&query=Win%20It%20World&query_place_id=ChIJV2CMtTpZqDsRD3MwnRYkEV0","Cell phone accessory store"
"It info point",,,"Vijay mansion, No 616 621, 1st St","Gandhipuram, Coimbatore","Tamil Nadu","IN",,"+91 99526 05143","Computer store",,,,,,,,,,"https://www.google.com/maps/search/?api=1&query=It%20info%20point&query_place_id=ChIJP09WshBZqDsRZ22v-ZrcWrw","Computer store"
"It Info Systems",,,"103, Dr Radhakrishna St","Coimbatore","Tamil Nadu","IN",,,"Computer repair service",,,,,,,,,,"https://www.google.com/maps/search/?api=1&query=It%20Info%20Systems&query_place_id=ChIJdRNo01lYqDsRrOHcTymub3w","Computer repair service"
"Realtime AV IT Solutions",,,,,,,"https://www.realtimeavit.com/","+91 97892 42008","Audio visual equipment supplier","Service establishment",,,,,,,,,"https://www.google.com/maps/search/?api=1&query=Realtime%20AV%20IT%20Solutions&query_place_id=ChIJmSyHAZJ3tYARm_ItuSA8J7c","Audio visual equipment supplier"
"Power IT Services Private Limited",,,"Building 29, 4th Floor, 30","New Siddhapudur, Coimbatore","Tamil Nadu","IN","https://www.poweritservices.com/",,"Recruiter",,,,,,,,,,"https://www.google.com/maps/search/?api=1&query=Power%20IT%20Services%20Private%20Limited&query_place_id=ChIJr2G-QyZZqDsRK73-sCr6KzU","Recruiter"
"H2a It Solutions Private Limited",,,"1153-A, Sathy Rd","Coimbatore","Tamil Nadu","IN",,,"Computer service",,,,,,,,,,"https://www.google.com/maps/search/?api=1&query=H2a%20It%20Solutions%20Private%20Limited&query_place_id=ChIJxWzScQ1YqDsRz2fHx2gkiHk","Computer service"
"Hanvith Technologies IT Consulting","4.9","16","2nd Floor, Srisairam Towers, Bus Stop, 7&8, NSR Rd","Coimbatore","Tamil Nadu","IN","https://hanvith.com/","+91 90426 83975","Software company","Software training institute",,,,,,,,,"https://www.google.com/maps/search/?api=1&query=Hanvith%20Technologies%20IT%20Consulting&query_place_id=ChIJ-6qtGBFZqDsRXDIFFWlwpEE","Software company"
"Palies It Services - Best Laptop Service Center and DELL, HP, IBM Server Dealers in Gandhipuram, Coimbatore","4.8","3502","15, Old No 12, 2nd Layout, 2nd St","Coimbatore","Tamil Nadu","IN","https://www.palies.in/","+91 90877 71113","Computer service","Computer accessories store","Computer desk store","Computer hardware manufacturer","Computer networking service","Computer repair service","Computer store","Computer wholesaler","Printer repair service","Used computer store","https://www.google.com/maps/search/?api=1&query=Palies%20It%20Services%20-%20Best%20Laptop%20Service%20Center%20and%20DELL%2C%20HP%2C%20IBM%20Server%20Dealers%20in%20Gandhipuram%2C%20Coimbatore&query_place_id=ChIJQQAAMLNZqDsRv1pQEGZTKds","Computer service"
"IT Konnect - Laptop Service Center","4.9","553","3rd Flr, T 6, Brookefields Plaza, Plot 67 & 71 Krishnaswamy Rd","Coimbatore","Tamil Nadu","IN","https://itkonnect.in/","+91 95665 01777","Computer service","Computer repair service","Data recovery service",,,,,,,,"https://www.google.com/maps/search/?api=1&query=IT%20Konnect%20-%20Laptop%20Service%20Center&query_place_id=ChIJ81jxZwFZqDsR_3tCAQhn5b0","Computer service"
"Quantus Tech Solutions","4.8","135","Dev Regnant Complex, 415, Cross Cut Rd","Gandhipuram, Coimbatore","Tamil Nadu","IN","https://quantusts.in/","+91 99945 04455","Computer support and services","Computer security service",,,,,,,,,"https://www.google.com/maps/search/?api=1&query=Quantus%20Tech%20Solutions&query_place_id=ChIJ662w_f5YqDsRLeNKNx85ObM","Computer support and services"
"PRAXIO IT CONSULTING PRIVATE LIMITED","4.3","12","2nd Floor, Sanhasa Square, Bharathi Pk Cross Rd 3","Coimbatore","Tamil Nadu","IN","https://praxio.in/","+91 96000 43335","Computer support and services",,,,,,,,,,"https://www.google.com/maps/search/?api=1&query=PRAXIO%20IT%20CONSULTING%20PRIVATE%20LIMITED&query_place_id=ChIJ7WKSNvFZqDsRjL2ST6hvfQ0","Computer support and services"
"Bgrafio IT Firm","4.5","10","Thiritary Road, 75/A, Gandhiji Rd","Coimbatore","Tamil Nadu","IN","https://www.bgrafio.in/","+91 95009 08054","Website designer","Animation studio","Drone shop","Graphic designer","Photography service",,,,,,"https://www.google.com/maps/search/?api=1&query=Bgrafio%20IT%20Firm&query_place_id=ChIJS31HxdhZqDsR-mWlMEElwfY","Website designer"
"Nubis IT Services Private Limited",,,"3rd floor, Coral Crest, Alagesan Rd","Coimbatore","Tamil Nadu","IN","https://www.nubis.in/","+91 80 4736 3000","Software company",,,,,,,,,,"https://www.google.com/maps/search/?api=1&query=Nubis%20IT%20Services%20Private%20Limited&query_place_id=ChIJbRob7zxZqDsRJC7hrwWGt98","Software company"
"Focus IT Solutions",,,"92,CSR Street, NSR Rd","Coimbatore","Tamil Nadu","IN",,"+91 98435 35623","Computer support and services",,,,,,,,,,"https://www.google.com/maps/search/?api=1&query=Focus%20IT%20Solutions&query_place_id=ChIJkXG78k1ZqDsReYl0qqvQypM","Computer support and services"
"Xentrix Hi-Tech (P) LTD","4.5","11","239, Koundappan Street KK Pudur","Coimbatore","Tamil Nadu","IN","https://www.xentrix-hitech.com/",,"Computer support and services",,,,,,,,,,"https://www.google.com/maps/search/?api=1&query=Xentrix%20Hi-Tech%20(P)%20LTD&query_place_id=ChIJywY0xbRZqDsRx_Icl5By2r4","Computer support and services"
"Alpha Solutions | Best AI and IT company in Coimbatore","5","2","96/1","Coimbatore","Tamil Nadu","IN","http://www.alphasolutions.org.in/",,"Computer support and services","Information services",,,,,,,,,"https://www.google.com/maps/search/?api=1&query=Alpha%20Solutions%20%7C%20Best%20AI%20and%20IT%20company%20in%20Coimbatore&query_place_id=ChIJnWgdoSql5wER5leTeHQzBi8","Computer support and services"
"INFOSSEL SOFT SOLUTIONS","4.8","165","No 87","New Siddhapudur, Coimbatore","Tamil Nadu","IN","http://www.infossel.in/","+91 99522 92120","Software company",,,,,,,,,,"https://www.google.com/maps/search/?api=1&query=INFOSSEL%20SOFT%20SOLUTIONS&query_place_id=ChIJ9VUmtFZYqDsRtV7c4jNKGjM","Software company"
"ADS Software","4.8","13","VKK Menon Road New Siddhapudur BK RANGANATHAN ROAD II Floor","Coimbatore","Tamil Nadu","IN","https://adscbe.com/","+91 73971 41008","Software company","Computer software store","Computer support and services","Web hosting company","Website designer",,,,,,"https://www.google.com/maps/search/?api=1&query=ADS%20Software&query_place_id=ChIJN8BJ7ANZqDsRjkdBSn91L7I","Software company"
"Nux Software Solutions","5","1412","Upstairs to DUS , The Family Restaurant, 1188, Century Tower, 3rd Floor Shop Number 44, Sathy Rd, near GP Hospital","Gandhipuram, Coimbatore","Tamil Nadu","IN","https://nuxsolutions.in/","+91 96263 53489","Software training institute","Computer consultant","Computer hardware manufacturer","Computer networking service","Computer security service","Computer support and services","Computer training school","Training center",,,"https://www.google.com/maps/search/?api=1&query=Nux%20Software%20Solutions&query_place_id=ChIJaWpvpVZYqDsR-sDmRS_wEhY","Software training institute"
"ITtoALL - ERP development companies in coimbatore, Billing software in coimbatore","4.9","110","No. 515, Abinaya Complex, Sathy Rd","Coimbatore","Tamil Nadu","IN","http://www.ittoall.com/","+91 99423 62224","Software company",,,,,,,,,,"https://www.google.com/maps/search/?api=1&query=ITtoALL%20-%20ERP%20development%20companies%20in%20coimbatore%2C%20Billing%20software%20in%20coimbatore&query_place_id=ChIJ3cgPjEJYqDsRBOSDl8F1Mg8","Software company"
"Cloudi5 Technologies","4.8","82","3rd floor, MRG Towers, 387, Sathy Rd","Coimbatore","Tamil Nadu","IN","https://www.cloudi5.com/","+91 97874 67575","Software company","Computer support and services","Design agency","E commerce agency","E-commerce service","Graphic designer","Internet marketing service","Marketing agency","Web hosting company","Website designer","https://www.google.com/maps/search/?api=1&query=Cloudi5%20Technologies&query_place_id=ChIJV9jxahlZqDsRStFiDIWPoLc","Software company"
"PREMSOFT SOFTWARE TECHNOLOGIES","4.5","4","137A","Coimbatore","Tamil Nadu","IN","http://www.premsoftst.com/","+91 93607 35446","Software company","Website designer",,,,,,,,,"https://www.google.com/maps/search/?api=1&query=PREMSOFT%20SOFTWARE%20TECHNOLOGIES&query_place_id=ChIJtSBfQwJZqDsRF__VLdyMZQQ","Software company"
"Simplain Softwares India Private Limited","4.1","8","Simplain Softwares India Private Limited,342, 100 Feet Road, 2nd St Ext","Gandhipuram, Coimbatore","Tamil Nadu","IN","http://www.simplain.com/",,"Software company","Corporate office","Software training institute",,,,,,,,"https://www.google.com/maps/search/?api=1&query=Simplain%20Softwares%20India%20Private%20Limited&query_place_id=ChIJA1gE6lZYqDsR4xLJ9o95ZEc","Software company"
"Blazingcoders","4.9","11","1st Floor, 96, 9th Street extension, Dr Rajendra Prasad Rd","Coimbatore","Tamil Nadu","IN","https://www.blazingcoders.com/","+91 81480 01222","Software company",,,,,,,,,,"https://www.google.com/maps/search/?api=1&query=Blazingcoders&query_place_id=ChIJX7w6j05ZqDsRfs7wOLSl484","Software company"
"Quadrasystems.net India Private Limited","4.6","58","Srinivasa Towers, 45, Dr Rajendra Prasad Rd","Gandhipuram, Coimbatore","Tamil Nadu","IN","https://www.quadrasystems.net/","+91 95244 66000","Software company",,,,,,,,,,"https://www.google.com/maps/search/?api=1&query=Quadrasystems.net%20India%20Private%20Limited&query_place_id=ChIJkQVca1JYqDsRUF5YoAtYqDQ","Software company"
"Ideatec Softwares (India) Pvt Ltd","4.8","13","197 IInd FLOOR, 463-470, 1st St","Gandhipuram, Coimbatore","Tamil Nadu","IN","http://www.ideatec.co.in/","+91 422 437 1320","Software company","Employment agency","Website designer",,,,,,,,"https://www.google.com/maps/search/?api=1&query=Ideatec%20Softwares%20(India)%20Pvt%20Ltd&query_place_id=ChIJVUrjalVYqDsRUAvCv4CPGtE","Software company"
"Ariztid Technologies Private Limited","5","13","455, 2nd floor, KRS Towers","Gandhipuram, Coimbatore","Tamil Nadu","IN","http://www.ariztid.com/","+91 422 424 7085","Software company","Consultant",,,,,,,,,"https://www.google.com/maps/search/?api=1&query=Ariztid%20Technologies%20Private%20Limited&query_place_id=ChIJnVD8mABZqDsRAPnGw3RN1pI","Software company"
"Axon Infosoft India Pvt Ltd","4.6","30","249 A, Ganapathy Pudur 3rd St","Coimbatore","Tamil Nadu","IN","http://www.axonindia.in/","+91 422 252 1313","Software company",,,,,,,,,,"https://www.google.com/maps/search/?api=1&query=Axon%20Infosoft%20India%20Pvt%20Ltd&query_place_id=ChIJN9hvSlFYqDsRYbJHUuKT71w","Software company"
"ATOM Systems Private Limited","4.6","51","#458 & 462 Natesh Complex, 100 Feet Road, Gandhipuram","Coimbatore","Tamil Nadu","IN","http://www.atomgroups.com/","+91 97915 99900","Software company","Association / Organization","Educational consultant","Marketing agency","Software training institute","Training center","Website designer",,,,"https://www.google.com/maps/search/?api=1&query=ATOM%20Systems%20Private%20Limited&query_place_id=ChIJXWO67K_1qjsRYa-o_0c7M6I","Software company"
"Shine Astrology Software","5","40","7th St","Coimbatore","Tamil Nadu","IN","https://shineastrology.in/",,"Software company","Astrologer",,,,,,,,,"https://www.google.com/maps/search/?api=1&query=Shine%20Astrology%20Software&query_place_id=ChIJd7wH0X1ZqDsRQrSSVWP7qwQ","Software company"
"Sivasakthi Software Services Private Limited","4.6","31","#17, Kasthuribai Street","Coimbatore","Tamil Nadu","IN","http://www.sivasakthisoft.com/","+91 93444 44788","Software company",,,,,,,,,,"https://www.google.com/maps/search/?api=1&query=Sivasakthi%20Software%20Services%20Private%20Limited&query_place_id=ChIJAQAAAGlYqDsR3Y8O-Juf7tU","Software company"
"Troy Software Inc","4","5","53 B4 I st Floor, PN Palayam Rd","Coimbatore","Tamil Nadu","IN","https://www.troy.co.in/","+91 94896 06457","Software company","Website designer",,,,,,,,,"https://www.google.com/maps/search/?api=1&query=Troy%20Software%20Inc&query_place_id=ChIJBVywbERYqDsRXkx87SlsmQk","Software company"
"Texaaware Software Solutions","5","3","7th Street, Cross Cut Rd","Coimbatore","Tamil Nadu","IN","https://www.texaaware.com/","+91 90035 02338","Software company",,,,,,,,,,"https://www.google.com/maps/search/?api=1&query=Texaaware%20Software%20Solutions&query_place_id=ChIJSZCyQhckLIIRnqyGw0huORI","Software company"
"nova software","3.1","20","281/2, 9th St, opp CSI Church","Gandhipuram, Coimbatore","Tamil Nadu","IN","http://novasoft.co.in/","+91 422 437 3153","Software company",,,,,,,,,,"https://www.google.com/maps/search/?api=1&query=nova%20software&query_place_id=ChIJi4XkSlZYqDsRC8JLfiRKLDE","Software company"
"Pearl Softwares Inc","4.6","8","133, Dr Radhakrishna St","Coimbatore","Tamil Nadu","IN","http://www.pearlsoftwares.com/","+91 98430 10375","Software company","Computer support and services",,,,,,,,,"https://www.google.com/maps/search/?api=1&query=Pearl%20Softwares%20Inc&query_place_id=ChIJCW_Ip_lYqDsRIegwNZ_AYuo","Software company"
"Appex Technologies","4.9","422","3rd Floor, Thirumala Towers, No 15-18, R.R Layout, New Siddhapudur","Gandhipuram, Coimbatore","Tamil Nadu","IN","https://www.appextechnologies.com/","+91 93611 63851","Software training institute",,,,,,,,,,"https://www.google.com/maps/search/?api=1&query=Appex%20Technologies&query_place_id=ChIJLbuENHlZqDsRnKGVU9t0qWQ","Software training institute"
"Techvolt Software","4.7","1488","1st Floor, Sri Sairam Tower, 7, NSR Rd","Coimbatore","Tamil Nadu","IN","https://techvoltcoimbatore.com/","+91 84289 83975","Software company",,,,,,,,,,"https://www.google.com/maps/search/?api=1&query=Techvolt%20Software&query_place_id=ChIJtQc-dONZqDsR7gLXT0VuriQ","Software company"
"Ascent24 Technologies","4.1","61","Door No. 7 & 8, 1st Floor VV Complex KS Ramasamy Street, K K Pudur","Coimbatore","Tamil Nadu","IN","https://www.ascent24.io/","+91 94875 05093","Software company",,,,,,,,,,"https://www.google.com/maps/search/?api=1&query=Ascent24%20Technologies&query_place_id=ChIJI5oFOyFZqDsR2RfPG_UMdmI","Software company"
"Infence Technologies Pvt Ltd","4","29","22, Bharathi Park Cross 2","Coimbatore","Tamil Nadu","IN","http://www.infence.com/","+91 422 420 6801","Software company",,,,,,,,,,"https://www.google.com/maps/search/?api=1&query=Infence%20Technologies%20Pvt%20Ltd&query_place_id=ChIJTyoEv-ZYqDsR1XHJLv7CTik","Software company"
"Nxtlogic Software Solutions","4.7","723","415/1, Vivekananda Rd","Gandhipuram, Coimbatore","Tamil Nadu","IN","https://www.nxtlogic.com/","+91 98946 94339","Software company","Educational consultant","Research institute","Software training institute","Student career counseling office","Training center","Website designer",,,,"https://www.google.com/maps/search/?api=1&query=Nxtlogic%20Software%20Solutions&query_place_id=ChIJmxqdgv9YqDsRP5meAhA9p1k","Software company"
"Paval Software","4.8","6","RSB Towers, 1274, Mettupalayam Rd, above Lakshmi Wet Grinder, near Saibaba Temple","Coimbatore","Tamil Nadu","IN","https://pavalsoftware.com/",,"Software company",,,,,,,,,,"https://www.google.com/maps/search/?api=1&query=Paval%20Software&query_place_id=ChIJg5mNiQVpKwgRWYCE8YXfkT4","Software company"
"Briston Technologies Private Limited","4.7","14","VGR Puram, 203, Alagesan Rd","Coimbatore","Tamil Nadu","IN","https://bristontechnologies.com/","+91 99444 02354","Software company",,,,,,,,,,"https://www.google.com/maps/search/?api=1&query=Briston%20Technologies%20Private%20Limited&query_place_id=ChIJE79ESv1fqDsRBSGaXMeYu0c","Software company"
"Grambls Consultancy Services India Pvt. Ltd","5","203","157, 7th Cross","Coimbatore","Tamil Nadu","IN","http://www.grambls.com/","+91 422 249 4981","Software company",,,,,,,,,,"https://www.google.com/maps/search/?api=1&query=Grambls%20Consultancy%20Services%20India%20Pvt.%20Ltd&query_place_id=ChIJixr7DYtZqDsRyk_eXRWCsTA","Software company"
"TECHNOCOVAI Software Pvt.Ltd",,,"Raja Annamalai Rd","Coimbatore","Tamil Nadu","IN","https://technocovai.com/",,"Software company",,,,,,,,,,"https://www.google.com/maps/search/?api=1&query=TECHNOCOVAI%20Software%20Pvt.Ltd&query_place_id=ChIJ6-nb4hhZqDsReqg0UsLB-Uk","Software company"
"APM SYSTEMS","4.9","179","41 First Floor, Rajaji Rd","Coimbatore","Tamil Nadu","IN","https://www.apmsystems.in/","+91 98422 14346","Software company","Computer hardware manufacturer","Computer service","Computer software store","Computer store","Computer support and services",,,,,"https://www.google.com/maps/search/?api=1&query=APM%20SYSTEMS&query_place_id=ChIJlyvhLwBZqDsRf2CKKBSOaG0","Software company"
"Luisant Software Solutions, Coimbatore","4.8","5","110,3rd floor, MR Complex, Nehru St, near Corporation ATM","Coimbatore","Tamil Nadu","IN","https://luisant.in/","+91 88707 05554","Software company",,,,,,,,,,"https://www.google.com/maps/search/?api=1&query=Luisant%20Software%20Solutions%2C%20Coimbatore&query_place_id=ChIJrx5bYFVYqDsRBRuoBoq6vgw","Software company"
"Microgenn Software Solutions","4","34","284","Coimbatore","Tamil Nadu","IN","https://microgenn.com/","+91 99525 11119","Software company",,,,,,,,,,"https://www.google.com/maps/search/?api=1&query=Microgenn%20Software%20Solutions&query_place_id=ChIJ7Y9SYlVYqDsR0WokjqVrxWM","Software company"
"PG Softwares","4.8","91","ARPEE Center, 60, NSR Rd","Coimbatore","Tamil Nadu","IN","https://pgsoftwares.com/","+91 99444 75341","Website designer","E-commerce service","Graphic designer","Internet marketing service",,,,,,,"https://www.google.com/maps/search/?api=1&query=PG%20Softwares&query_place_id=ChIJuyCc1OdYqDsRv878ixAPQVc","Website designer"
"POSTULATE INFO TECH PRIVATE LIMITED","4.9","126","67, First Floor, Ravindranath Layout New Siddhapudur","Gandhipuram, Coimbatore","Tamil Nadu","IN","https://www.postulate.in/","+91 95660 32536","Software training institute",,,,,,,,,,"https://www.google.com/maps/search/?api=1&query=POSTULATE%20INFO%20TECH%20PRIVATE%20LIMITED&query_place_id=ChIJR2140qxZqDsRSb7XB53jzb0","Software training institute"
"Silver Dollar Technologies Private Limited","4.9","70","Tanny's B Enclave, 795 IInd Floor, VKK Menon Rd","Coimbatore","Tamil Nadu","IN","http://silverdollartechnologies.com/","+91 87786 74561","Software company",,,,,,,,,,"https://www.google.com/maps/search/?api=1&query=Silver%20Dollar%20Technologies%20Private%20Limited&query_place_id=ChIJmfUak0BZqDsR_PLheS-aLsM","Software company"
"Mothercare infotech - Tally , CBE","5","16","MM building, Dr Rajendra Prasad Rd","Gandhipuram, Coimbatore","Tamil Nadu","IN","https://www.mothercareinfotech.com/","+91 82200 40220","Software company",,,,,,,,,,"https://www.google.com/maps/search/?api=1&query=Mothercare%20infotech%20-%20Tally%20%2C%20CBE&query_place_id=ChIJ08K-bE1ZqDsRntU_YlHQSoA","Software company"
"Baap Technologies","5","12","Foco Space, Vithu Pharmacy upstair, 47, 2nd St","Gandhipuram, Coimbatore","Tamil Nadu","IN","https://baaptechnologies.com/","+91 72005 05220","Software company",,,,,,,,,,"https://www.google.com/maps/search/?api=1&query=Baap%20Technologies&query_place_id=ChIJudV38blRXCoRYYCOuOgUkME","Software company"
"USAM CADSoft India Pvt Ltd.,","4.6","214","122, 2nd St Ext","Gandhipuram, Coimbatore","Tamil Nadu","IN","http://www.usamcadsoft.in/","+91 422 252 4343","Software company","Engineering consultant","Software training institute",,,,,,,,"https://www.google.com/maps/search/?api=1&query=USAM%20CADSoft%20India%20Pvt%20Ltd.%2C&query_place_id=ChIJS-OlGFRYqDsRAzC9CpefOx0","Software company"
"Ascent Techno Soft India Pvt Ltd.","4.8","89","2X98+W27, Dr Rajendra Prasad Rd","Gandhipuram, Coimbatore","Tamil Nadu","IN","https://www.accenttechnosoft.com/","+91 422 421 2232","Software training institute",,,,,,,,,,"https://www.google.com/maps/search/?api=1&query=Ascent%20Techno%20Soft%20India%20Pvt%20Ltd.&query_place_id=ChIJs7wrqvhYqDsRvHkTkGzIyyY","Software training institute"
"Meta Soft","5","1","st Floor, Sri Rajeswari Complex, 44 1, Dr Rajendra Prasad Rd","Gandhipuram, Coimbatore","Tamil Nadu","IN","http://metasoftindia.com/","+91 99441 93640","Software company",,,,,,,,,,"https://www.google.com/maps/search/?api=1&query=Meta%20Soft&query_place_id=ChIJha8EDVZYqDsR4VJoPFz52I4","Software company"
"Kalpavrükshā IT Solutions","5","11","#10, 8th St","Coimbatore","Tamil Nadu","IN","http://www.kalpavrukshaits.com/","+91 99949 22111","Software company",,,,,,,,,,"https://www.google.com/maps/search/?api=1&query=Kalpavr%C3%BCksh%C4%81%20IT%20Solutions&query_place_id=ChIJL2ZYgTlZqDsRE9fmQ-L9icU","Software company"
"Thiran Solutions","4.9","23","909 A, Sathy Rd","Gandhipuram, Coimbatore","Tamil Nadu","IN","https://www.thiransolutions.com/","+91 91598 21995","Software company","Computer support and services","Graphic designer","Software training institute","Website designer",,,,,,"https://www.google.com/maps/search/?api=1&query=Thiran%20Solutions&query_place_id=ChIJn1HZJTRZqDsRg4ceq4WHiWs","Software company"
"Evoluer","4.6","14","72, Sanganoor Rd","Coimbatore","Tamil Nadu","IN","http://www.evoluer.in/","+91 99409 95476","Software company","Website designer",,,,,,,,,"https://www.google.com/maps/search/?api=1&query=Evoluer&query_place_id=ChIJK5xnFiL2qDsRb52pQU3Dl10","Software company"
"CG-VAK Software & Exports Ltd.","4.1","116","171, Mettupalayam Rd","Coimbatore","Tamil Nadu","IN","http://www.cgvakindia.com/","+91 422 243 4491","Software company",,,,,,,,,,"https://www.google.com/maps/search/?api=1&query=CG-VAK%20Software%20%26%20Exports%20Ltd.&query_place_id=ChIJWfpkOO1YqDsRlUbHhQ36BOo","Software company"
"Pumo Technovation","4.6","1247","Second Floor, Madani Complex, 401-A, 7th St","Gandhipuram, Coimbatore","Tamil Nadu","IN","https://www.pumotechnovation.com/","+91 97899 89283","Software training institute","Education center","Training center",,,,,,,,"https://www.google.com/maps/search/?api=1&query=Pumo%20Technovation&query_place_id=ChIJE9bb3lVYqDsRKaowuNHi144","Software training institute"
"Solomon Software","5","1","Sri Anitha apartments, 55/1, Bharathi Park 7th Corss Rd","Coimbatore","Tamil Nadu","IN","http://www.solomondomain.com/","+91 96009 09696","Software company","Internet marketing service","Software training institute","Web hosting company","Website designer",,,,,,"https://www.google.com/maps/search/?api=1&query=Solomon%20Software&query_place_id=ChIJZx7bTOlYqDsRiCz_dhhGPnA","Software company"
"V Way Infotech | Ready-to-Launch Mobile & Web App Solutions | Coimbatore","4.8","15","MM Building, 483/4, Dr Rajendra Prasad Rd","Coimbatore","Tamil Nadu","IN","https://lakshytechverse.com/","+91 83449 82449","Software company",,,,,,,,,,"https://www.google.com/maps/search/?api=1&query=V%20Way%20Infotech%20%7C%20Ready-to-Launch%20Mobile%20%26%20Web%20App%20Solutions%20%7C%20Coimbatore&query_place_id=ChIJJwEmVjZZqDsREnYm8jfP5Ao","Software company"
"Prompt Infotech - Ethical Hacking | Cyber Security Training & Services","4.7","260","1st Floor, 319/A, 2nd St, above Krishna Bakes","Gandhipuram, Coimbatore","Tamil Nadu","IN","https://www.promptinfotech.co.in/","+91 99525 05611","Software company","Crime victim service","Computer security service",,,,,,,,"https://www.google.com/maps/search/?api=1&query=Prompt%20Infotech%20-%20Ethical%20Hacking%20%7C%20Cyber%20Security%20Training%20%26%20Services&query_place_id=ChIJEdjYnFZYqDsRxaNPX9Nz8Ig","Software company"
"Ace Softwares","4.5","2","15A, PM Samy Colony Main Rd","Coimbatore","Tamil Nadu","IN","https://acesoftwares.com/","+91 97872 09030","Software company",,,,,,,,,,"https://www.google.com/maps/search/?api=1&query=Ace%20Softwares&query_place_id=ChIJCQ9JPlhYqDsRAAAA0MIkXFQ","Software company"
"Acelinx infotech Pvt Ltd.","4.7","12","158/F-H, 2nd Floor, 7th Street Extn, Sanganoor Main Rd, near Thandumariamman Temple","Coimbatore","Tamil Nadu","IN","http://www.acelinx.com/","+91 89034 06791","Software company","Computer software store",,,,,,,,,"https://www.google.com/maps/search/?api=1&query=Acelinx%20infotech%20Pvt%20Ltd.&query_place_id=ChIJJdQyvlhYqDsRjXWEHKouopM","Software company"
"AssistanZ Networks Pvt Ltd","4.7","53","1136 Jayyseeli Plazaa, Dr Radhakrishna St","Gandhipuram, Coimbatore","Tamil Nadu","IN","https://www.assistanz.com/","(888) 500-1070","Software company","Computer support and services",,,,,,,,,"https://www.google.com/maps/search/?api=1&query=AssistanZ%20Networks%20Pvt%20Ltd&query_place_id=ChIJE-j9s1dYqDsRBX_yExeI_KQ","Software company"
"Duratech Solutions","4.9","18","ARPEE Center, 320 N, NSR Rd","Coimbatore","Tamil Nadu","IN","http://duratechsolutions.in/","+91 89400 03640","Software company","Coaching center","Institute of technology","Research foundation","Software training institute","Technology park","Training center",,,,"https://www.google.com/maps/search/?api=1&query=Duratech%20Solutions&query_place_id=ChIJHR5nLuhYqDsRpltc2Zmc1U4","Software company"
"Adventure Learning software and embedded training institute","4.6","86","No:121/4, 7th Street","Gandhipuram, Coimbatore","Tamil Nadu","IN","https://www.adventurelearning.co.in/","+91 85080 22360","Research and product development",,,,,,,,,,"https://www.google.com/maps/search/?api=1&query=Adventure%20Learning%20software%20and%20embedded%20training%20institute&query_place_id=ChIJT_S1vJBZqDsRz7lcy4HR-00","Research and product development"
"itech software solution","4.7","3","342, 2nd St Ext","Gandhipuram, Coimbatore","Tamil Nadu","IN","https://itechsoftwaresolution.com/",,"Corporate office",,,,,,,,,,"https://www.google.com/maps/search/?api=1&query=itech%20software%20solution&query_place_id=ChIJLTNHmn9ZqDsRTVySMA_dopE","Corporate office"
"MLM Software Coimbatore","5","1","183, 2nd St","Gandhipuram, Coimbatore","Tamil Nadu","IN","https://billingsoftwarecoimbatore.com/",,"Software company",,,,,,,,,,"https://www.google.com/maps/search/?api=1&query=MLM%20Software%20Coimbatore&query_place_id=ChIJL5tuazdZqDsROG4p88QuF9M","Software company"
"Crystalpro | Retail Billing Software | ERP | CRM | Retail POS Coimbatore | Taxi App Development","5","7","182 - 190/E, 2nd St","Gandhipuram, Coimbatore","Tamil Nadu","IN","https://crystalpro.net/","+91 80726 82274","Software company",,,,,,,,,,"https://www.google.com/maps/search/?api=1&query=Crystalpro%20%7C%20Retail%20Billing%20Software%20%7C%20ERP%20%7C%20CRM%20%7C%20Retail%20POS%20Coimbatore%20%7C%20Taxi%20App%20Development&query_place_id=ChIJ7Y-_j81ZqDsRtt0VUdfgaH0","Software company"
"Zuritech Software Solutions","4","2","133A, maruthakudi street, K K Pudur, saibabacolony","Coimbatore","Tamil Nadu","IN",,"+91 70923 07540","Software company","Corporate office",,,,,,,,,"https://www.google.com/maps/search/?api=1&query=Zuritech%20Software%20Solutions&query_place_id=ChIJYRBGCMJYqDsR0ZJ1eN49pws","Software company"
"Leada Digital Dynamics","5","12","C2 - V.M. Towers, Selvakumarasamy Gardens, Sanganoor Rd, near Roots Industries","Coimbatore","Tamil Nadu","IN","http://www.leada.in/","+91 80724 95649","Software company",,,,,,,,,,"https://www.google.com/maps/search/?api=1&query=Leada%20Digital%20Dynamics&query_place_id=ChIJATKhF51ZqDsRutpLx8Ow7IQ","Software company"
"BNR Cogniitec | Website Design and Development | SEO | Digital Marketing | Mobile App | Game Development","4.4","29","SAHS College Post, RSB Towers, 1274, Mettupalayam Rd, near Saibaba Temple","Coimbatore","Tamil Nadu","IN","https://cogniitec.com/","+91 63807 50902","Software company","Advertising agency","Branding agency","Design agency","Graphic designer","Internet marketing service","Marketing agency","Video editing service","Web hosting company","Website designer","https://www.google.com/maps/search/?api=1&query=BNR%20Cogniitec%20%7C%20Website%20Design%20and%20Development%20%7C%20SEO%20%7C%20Digital%20Marketing%20%7C%20Mobile%20App%20%7C%20Game%20Development&query_place_id=ChIJqfZq5pJZqDsRXGnxg-NPyZE","Software company"
"tecbee software solutions",,,"Krishnaswami St","Coimbatore","Tamil Nadu","IN","https://www.tecbee.in/","+91 90033 11908","Software company",,,,,,,,,,"https://www.google.com/maps/search/?api=1&query=tecbee%20software%20solutions&query_place_id=ChIJtdDFFutZqDsRrg844kJPpMo","Software company"
"COVAIIT SOFTWARE SOLUTIONS",,,"2XGF+H76","Coimbatore","Tamil Nadu","IN",,,"Software company",,,,,,,,,,"https://www.google.com/maps/search/?api=1&query=COVAIIT%20SOFTWARE%20SOLUTIONS&query_place_id=ChIJCVCsYgBZqDsRsceh7O6TRZk","Software company"
"Cyprus InfoTech - Mobile Application Development Company","5","2","307, Sathy Rd","Coimbatore","Tamil Nadu","IN",,"+91 95850 69933","Software company","Software training institute",,,,,,,,,"https://www.google.com/maps/search/?api=1&query=Cyprus%20InfoTech%20-%20Mobile%20Application%20Development%20Company&query_place_id=ChIJk4yL-EJYqDsRYe7D78wR3hk","Software company"
"LeadPro Infotech","4.9","472","SSK Building, 48, Raja St","Coimbatore","Tamil Nadu","IN","https://leadproinfotech.com/","+91 74090 00333","Software company","Charter school","Design institute","Software training institute","Training center",,,,,,"https://www.google.com/maps/search/?api=1&query=LeadPro%20Infotech&query_place_id=ChIJMxF3-CpZqDsRyBuv-4mF9DQ","Software company"
"i-Cons Technologies","3.7","160","247, Shiv Chambers, Alagesan Rd","Coimbatore","Tamil Nadu","IN","https://i-constech.com/","+91 422 437 4377","Software company","Data entry service","Internet marketing service","BPO company",,,,,,,"https://www.google.com/maps/search/?api=1&query=i-Cons%20Technologies&query_place_id=ChIJtRyXL69ZqDsRHGtAxPXuhqs","Software company"
"Gem electronics and I.T solutions","3.3","3","20/16, Arokiyasamy street,, NSR road,Saibaba colony","Coimbatore","Tamil Nadu","IN",,,"Software company","Electronics company","Electronics engineer","Electronics manufacturer","Employment agency","Graphic designer","Private tutor","Software training institute","Website designer",,"https://www.google.com/maps/search/?api=1&query=Gem%20electronics%20and%20I.T%20solutions&query_place_id=ChIJV_RZYcJYqDsR76CVNqVxMIU","Software company"
"BIM - Best SAP Training in coimbatore,Autocad, Revit training, Solidworks Training, Cadpoint in Coimbatore","5","189","first floor, Kalyan jewelers Backside, 291/1, 5th St Ext","Gandhipuram, Coimbatore","Tamil Nadu","IN","https://victoryinstitution.com/","+91 79046 11250","Software training institute","Career guidance service","Educational consultant","Educational institution","Learning center","Training center",,,,,"https://www.google.com/maps/search/?api=1&query=BIM%20-%20Best%20SAP%20Training%20in%20coimbatore%2CAutocad%2C%20Revit%20training%2C%20Solidworks%20Training%2C%20Cadpoint%20in%20Coimbatore&query_place_id=ChIJZ84yNihZqDsRgvTfZGsos1g","Software training institute"
"Cmsiclass Training Institute","5","41","Padayappa Complex, 278/3, 5th St","Gandhipuram, Coimbatore","Tamil Nadu","IN","https://www.cmsiclass.com/","+91 95001 26456","Software training institute",,,,,,,,,,"https://www.google.com/maps/search/?api=1&query=Cmsiclass%20Training%20Institute&query_place_id=ChIJ4xvfbA1ZqDsRgCTd-A8TDI0","Software training institute"
"AltiusNxt Technologies Private Limited","3.9","45","56-C, Bharathi Park Cross 2","Coimbatore","Tamil Nadu","IN","http://www.altiusnxt.com/","+91 99523 17740","E-commerce service",,,,,,,,,,"https://www.google.com/maps/search/?api=1&query=AltiusNxt%20Technologies%20Private%20Limited&query_place_id=ChIJkRD3XOhYqDsRqwxX88rvnt0","E-commerce service"
"Skill Share Solution","4.7","83","1ST FLOOR, DEVANBU, Kalyan jewellers cut, Selvam Complex, 103 A, 5th St Ext","Gandhipuram, Coimbatore","Tamil Nadu","IN","https://skillsharesolution.com/","+91 88385 24141","Software training institute",,,,,,,,,,"https://www.google.com/maps/search/?api=1&query=Skill%20Share%20Solution&query_place_id=ChIJpbQubhhZqDsRBEAQUTzt4nk","Software training institute"
"Live!QC Tools - Quality Control Software | Coimbatore",,,"2nd Floor(Right-Wing) “SanHasa Square. 17, Bharathi Park, Bharathi Pk Cross Rd 3","Coimbatore","Tamil Nadu","IN","https://liveqctools.com/",,"Software company",,,,,,,,,,"https://www.google.com/maps/search/?api=1&query=Live!QC%20Tools%20-%20Quality%20Control%20Software%20%7C%20Coimbatore&query_place_id=ChIJ9ekjclFZqDsRuqLjlicwZD4","Software company"
"Computron Systems","4.8","59","412AF, RP Complex, 6th St Extension, Dr Rajendra Prasad Rd","Gandhipuram, Coimbatore","Tamil Nadu","IN","https://computronsystems.com/","+91 90473 07722","Computer store","Computer accessories store","Computer consultant","Computer desk store","Computer hardware manufacturer","Computer repair service","Computer service","Computer software store","Computer wholesaler","Desktop publishing service","https://www.google.com/maps/search/?api=1&query=Computron%20Systems&query_place_id=ChIJM-pubVVZqDsR5zuXJcR6bCA","Computer store"
"IT HUB","4.2",,"18, 1, Sir Shanmugam Rd","Coimbatore","Tamil Nadu","IN","https://ithub.cc/","+91 80125 35001","Computer support and services","Computer accessories store","Computer networking service","Computer service","Computer wholesaler",,,,,,"https://www.google.com/maps/search/?api=1&query=IT%20HUB&query_place_id=ChIJbzZu3gJZqDsRm-bDOkLcS0c","Computer support and services"
"Dact IT Solutions","4.9",,"100A, Ramasamy Layout, D.P.F St, PappanaickenPalayam","Gandhipuram, Coimbatore","Tamil Nadu","IN","https://dactit.com/",,"Marketing agency","Advertising agency","Branding agency","E commerce agency","E-commerce service","Graphic designer","Internet marketing service","Website designer",,,"https://www.google.com/maps/search/?api=1&query=Dact%20IT%20Solutions&query_place_id=ChIJkV8QRBlZqDsRuqFXg-mRwdw","Marketing agency"
"BIOS IT Solutions.",,,"9, KG Layout Road, Church Rd","K K Pudur, Coimbatore","Tamil Nadu","IN",,"+91 96557 28485","Software company",,,,,,,,,,"https://www.google.com/maps/search/?api=1&query=BIOS%20IT%20Solutions.&query_place_id=ChIJuyyTVMBYqDsRlWiiQOzxNE4","Software company"
"Bloom IT Services","3.6",,"Old no.245/New, 218, Alagesan Rd","Coimbatore","Tamil Nadu","IN","https://bloomcomputers.in/","+91 98947 16045","Computer service",,,,,,,,,,"https://www.google.com/maps/search/?api=1&query=Bloom%20IT%20Services&query_place_id=ChIJ_yoFDWVZqDsRS6HPBE3P68I","Computer service"
"Chozhaverse IT Innovations","5",,"2,4th Floor, No 29B, Vishweswarayya 3rd Street","Coimbatore","Tamil Nadu","IN","https://www.chozhaverse.com/",,"Software company",,,,,,,,,,"https://www.google.com/maps/search/?api=1&query=Chozhaverse%20IT%20Innovations&query_place_id=ChIJw4Y1eiJZqDsR5FjtFCYIZL0","Software company"
"EG IT LABS INDIA PVT LTD",,,"205, NSR Rd","Coimbatore","Tamil Nadu","IN",,,"Corporate office",,,,,,,,,,"https://www.google.com/maps/search/?api=1&query=EG%20IT%20LABS%20INDIA%20PVT%20LTD&query_place_id=ChIJoTdZ6cJYqDsRufVFpjdNpeI","Corporate office"
"ICare - IT Products - Network Servers & Services","4.8",,"#15, Sarojini St","Coimbatore","Tamil Nadu","IN","https://myicare.in/","+91 77081 10486","Computer service","Computer accessories store","Computer security service","Computer support and services","Digital printer","Office equipment supplier","Printer repair service","Screen printer","Security system installation service",,"https://www.google.com/maps/search/?api=1&query=ICare%20-%20IT%20Products%20-%20Network%20Servers%20%26%20Services&query_place_id=ChIJU3KAZABZqDsR5SzmR9-voZo","Computer service"
"Cispro Placement | Best Manpower Consultancy | IT recruitment | Best HR Consultancy in Coimbatore","4.6",,"23, Sriram Layout Rd","Coimbatore","Tamil Nadu","IN","https://cisproservices.com/?utm_source=gmb&utm_medium=googlemybusiness","+91 98404 35006","Human resource consulting","Coaching center","Consultant",,,,,,,,"https://www.google.com/maps/search/?api=1&query=Cispro%20Placement%20%7C%20Best%20Manpower%20Consultancy%20%7C%20IT%20recruitment%20%7C%20Best%20HR%20Consultancy%20in%20Coimbatore&query_place_id=ChIJ202qRsNYqDsRQth-PX9jGcE","Human resource consulting"
"""R"" IT Services","4.9","90",,"Ramanathapuram, Coimbatore","Tamil Nadu","IN","https://sites.google.com/view/aitservicescbe/home","+91 80567 75458","Computer service",,,,,,,,,,"https://www.google.com/maps/search/?api=1&query=%22R%22%20IT%20Services&query_place_id=ChIJ8ZNBokpZqDsRxoE0PVB39n0","Computer service"
"Techzy IT Solutions","4.7","52","Andal thottam, 12 12,MUNICIPAL LAYOUT","Kurichi, Coimbatore","Tamil Nadu","IN","http://techzyit.epizy.com/",,"Information services",,,,,,,,,,"https://www.google.com/maps/search/?api=1&query=Techzy%20IT%20Solutions&query_place_id=ChIJR1za0-dbqDsR2l49TNwon0g","Information services"
"Lofty IT Solutions","4.6","7","No.8, Samiar, new, Street Number 1","Coimbatore","Tamil Nadu","IN","http://www.loftyitsolutions.com/","+91 98942 84892","Software company",,,,,,,,,,"https://www.google.com/maps/search/?api=1&query=Lofty%20IT%20Solutions&query_place_id=ChIJVYh7bqBZqDsRjlM8sVngUwY","Software company"
"Baywoods IT Services","5","2","160 A, Apartments, near Royal Enclave","Ramanathapuram, Coimbatore","Tamil Nadu","IN","https://www.baywoodsitservices.com/","+91 99597 17950","Software company",,,,,,,,,,"https://www.google.com/maps/search/?api=1&query=Baywoods%20IT%20Services&query_place_id=ChIJybER9jlM5GURyIC3mB-vibg","Software company"
"Hash Tech IT Solutions","4.6","11","819, Thiyaki Kumaran Rd","Coimbatore","Tamil Nadu","IN",,"+91 96291 66615","Computer repair service",,,,,,,,,,"https://www.google.com/maps/search/?api=1&query=Hash%20Tech%20IT%20Solutions&query_place_id=ChIJieD0uDAtgkMRnIrLHtXQjDM","Computer repair service"
"ec2cloud IT Solutions","5","1",,,,,"https://www.ec2cloud.in/",,"Computer support and services","Service establishment",,,,,,,,,"https://www.google.com/maps/search/?api=1&query=ec2cloud%20IT%20Solutions&query_place_id=ChIJwyu6ycL_SEgRxFcdaLCSAmc","Computer support and services"
"IT SOLUTIONS",,,"Guru Samy, Guruswamy Pillai St","Podanur, Coimbatore","Tamil Nadu","IN",,"+91 99434 42994","Computer support and services",,,,,,,,,,"https://www.google.com/maps/search/?api=1&query=IT%20SOLUTIONS&query_place_id=ChIJDanGqdhbqDsRZyinld8VG4w","Computer support and services"
"Samsung Experience Store - IT World - Brookfield Mall","4.8","989","3rd Floor, Brookfield Mall, No T21, Krishnasamy Muthaliar Road, opposite HP Showroom","Coimbatore","Tamil Nadu","IN","https://www.samsungexclusivestores.in/samsung-experience-store-it-world-brookfield-mall-mobile-phone-shop-dr-krishnasamy-mudaliyar-road-coimbatore-79274/Home","+91 90438 90777","Cell phone store","Cell phone accessory store","Electronics store","Mobile phone repair shop","Phone repair service",,,,,,"https://www.google.com/maps/search/?api=1&query=Samsung%20Experience%20Store%20-%20IT%20World%20-%20Brookfield%20Mall&query_place_id=ChIJ1zJHyPhZqDsRZe0ZXsFnDTI","Cell phone store"
"Meat It",,,"Shop no-50, New modern fish market","Coimbatore","Tamil Nadu","IN","https://www.meatitcbe.com/","+91 99401 69159","Meat products store",,,,,,,,,,"https://www.google.com/maps/search/?api=1&query=Meat%20It&query_place_id=ChIJX7_QpMpZqDsR6U1AeO8_Ozk","Meat products store"
"Internship in Coimbatore for CSE | IT | ECE | EEE | Bio Medical | Bio Technology | MBA | BCom | BBA","4.5",,"74, Kongu nagar, Ramanathapuram","Coimbatore","Tamil Nadu","IN","https://www.uniqtechnologies.co.in/internship/coimbatore/","+91 44 4212 4943","Software company","Corporate office",,,,,,,,,"https://www.google.com/maps/search/?api=1&query=Internship%20in%20Coimbatore%20for%20CSE%20%7C%20IT%20%7C%20ECE%20%7C%20EEE%20%7C%20Bio%20Medical%20%7C%20Bio%20Technology%20%7C%20MBA%20%7C%20BCom%20%7C%20BBA&query_place_id=ChIJ897a4sNZqDsRZIau-iJJUeY","Software company"
"Roadmap IT Solutions Pvt Ltd - ERP Software","4.7",,"Old.No.20, New No.39, 1st Floor, Vinayagar Koil St","Ramanathapuram, Coimbatore","Tamil Nadu","IN","https://roadmapit.com/","+91 94425 80742","Software company",,,,,,,,,,"https://www.google.com/maps/search/?api=1&query=Roadmap%20IT%20Solutions%20Pvt%20Ltd%20-%20ERP%20Software&query_place_id=ChIJaX74NNtZqDsRsDO4xlOxtyU","Software company"
"CUT IT 2.O SALON","4.8",,"bus stop, 25a, Sowripalayam Rd, opp. meena estate","Coimbatore","Tamil Nadu","IN",,"+91 93618 56556","Hair salon",,,,,,,,,,"https://www.google.com/maps/search/?api=1&query=CUT%20IT%202.O%20SALON&query_place_id=ChIJCW7BCFFZqDsR5pblYLwv2Bw","Hair salon"
"Jeholiah It solutions",,,"16C, First floor, Nanjundapuram Rd, above IOB Bank","Coimbatore","Tamil Nadu","IN","http://www.jeholiahitsolutions.com/",,"Back office",,,,,,,,,,"https://www.google.com/maps/search/?api=1&query=Jeholiah%20It%20solutions&query_place_id=ChIJZ3FBYzxZqDsRMWsvwg-44_4","Back office"
